<?xml version="1.0" encoding="UTF-8" standalone="yes"?>
<manifest>
  <control namespace="brbai" constructor="RoundedRectangle" version="0.0.1" display-name-key="Rounded Rectangle" description-key="Create a rectangle that has the option of having rounded edges" control-type="standard" api-version="1.2.1">
    <property name="height" display-name-key="Height" description-key="The height of the control" of-type="Whole.None" usage="input" required="true" default-value="100"/>
    <property name="width" display-name-key="Width" description-key="The width of the control" of-type="Whole.None" usage="input" required="true" default-value="100"/>
    <property name="backgroundColor" display-name-key="BackgroundColor" description-key="The background color HEX value" of-type="SingleLine.Text" usage="input" required="false" default-value="#ffffff"/>
    <property name="borderColor" display-name-key="BorderColor" description-key="The HEX color value of the border" of-type="SingleLine.Text" usage="input" required="false" default-value="#000000"/>
    <property name="borderRadius" display-name-key="BorderRadius" description-key="The radius of the corners" of-type="Whole.None" usage="input" required="false" default-value="0"/>
    <property name="borderRadiusTopLeft" display-name-key="BorderRadiusTopLeft" description-key="The radius of the top left corner" of-type="Whole.None" usage="input" required="false" default-value="0"/>
    <property name="borderRadiusTopRight" display-name-key="BorderRadiusTopRight" description-key="The radius of the top right corner" of-type="Whole.None" usage="input" required="false" default-value="0"/>
    <property name="borderRadiusBottomLeft" display-name-key="BorderRadiusBottomLeft" description-key="The radius of the bottom left corner" of-type="Whole.None" usage="input" required="false" default-value="0"/>
    <property name="borderRadiusBottomRight" display-name-key="BorderRadiusBottomRight" description-key="The radius of the bottom right corner" of-type="Whole.None" usage="input" required="false" default-value="0"/>
    <property name="borderStyle" display-name-key="BorderStyle" description-key="The css style of the border" of-type="Enum" usage="input" required="false" default-value="solid">
      <value name="none" display-name-key="borderStyleNone" description-key="">none</value>
      <value name="hidden" display-name-key="borderStyleHidden" description-key="">hidden</value>
      <value name="dotted" display-name-key="borderStyleDotted" description-key="">dotted</value>
      <value name="dashed" display-name-key="borderStyleDashed" description-key="">dashed</value>
      <value name="solid" display-name-key="borderStyleSolid" description-key="">solid</value>
      <value name="double" display-name-key="borderStyleDouble" description-key="">double</value>
      <value name="groove" display-name-key="borderStyleGroove" description-key="">groove</value>
      <value name="ridge" display-name-key="borderStyleRidge" description-key="">ridge</value>
      <value name="inset" display-name-key="borderStyleInset" description-key="">inset</value>
      <value name="outset" display-name-key="borderStyleOutset" description-key="">outset</value>
      <value name="initial" display-name-key="borderStyleInitial" description-key="">initial</value>
      <value name="inherit" display-name-key="borderStyleInherit" description-key="">inherit</value>
    </property>
    <property name="borderWidth" display-name-key="BorderWidth" description-key="The width of the border of the rectangle" of-type="Whole.None" usage="input" required="false" default-value="1"/>
    <resources>
      <code path="bundle.js" order="1"/>
      <css path="css/RoundedRectangle.css" order="1"/>
      <img path="images/transparent.jpg"/>
    </resources>
    <built-by name="pac" version="1.1.6"/>
  </control>
</manifest>